,Query,Value
0,math games,100
1,cool,94
2,cool games,93
3,cool math,92
4,cool math games,91
5,games today,87
6,nfl games,79
7,game,69
8,games unblocked,65
9,unblocked,64
10,nba games,57
11,free games,47
12,nfl today games,36
13,games online,33
14,google games,28
15,football,27
16,football games,27
17,epic games,25
18,hunger games,24
19,nba games today,23
20,games to play,22
21,xbox games,21
22,video games,20
23,switch games,20
24,crazy games,19
25,unblocked games premium,Breakout
26,unblocked games 6x,Breakout
27,world cup games today,"+1,600%"
28,world cup games,"+1,100%"
29,google tic-tac-toe,+750%
30,unblocked games 67,+600%
31,haha games,+600%
32,unblocked games 77,+500%
33,meta quest 2 games,+450%
34,stumble guys,+450%
35,smash karts,+300%
36,nfl games today live,+250%
37,eagles games,+200%
38,phillies games,+160%
39,tyrones unblocked games,+130%
40,unblocked games at school,+130%
41,tyrone unblocked games,+120%
42,retro bowl,+110%
43,chiefs games,+110%
44,guardians games,+110%
45,bowl games 2022,+90%
46,dino game,+90%
47,io games unblocked,+80%
48,math playground,+80%
49,mobile phone game controller,100.0
50,iphone game controller,63.0
51,razer kishi,46.0
52,razer kishi mobile game controller,44.0
53,call of duty,27.0
54,backbone controller,27.0
55,call of duty mobile,22.0
56,steam deck,100
57,steam games,63
58,download steam,26
59,steam card,21
60,what is steam,21
61,steam cleaner,18
62,steam sale,16
63,steam charts,14
64,steam mop,13
65,steam account,12
66,steam engine,12
67,steam controller,11
68,steam gift card,10
69,best steam games,10
70,refund steam,9
71,steam room,9
72,steam down,9
73,steam vr,9
74,steam deck games,9
75,steam link,8
76,install steam,8
77,steam store,7
78,discord,7
79,stream,7
80,free steam games,7
81,rog ally,Breakout
82,steam summer sale 2023,Breakout
83,rog ally vs steam deck,"+5,000%"
84,steam deck giveaway,"+4,750%"
85,diablo 4 steam deck,"+4,150%"
86,steam sales 2023,"+2,900%"
87,steam spring sale 2023,"+2,550%"
88,steam antitrust lawsuit,"+2,550%"
89,steam replay 2022,"+2,450%"
90,steam winter sale 2022,"+2,350%"
91,dead island 2,"+2,200%"
92,dead island 2 steam,"+2,000%"
93,diablo 4,"+1,950%"
94,hogwarts legacy steam,"+1,600%"
95,steam lawsuit,"+1,500%"
96,logitech g cloud,"+1,350%"
97,steam replay,+800%
98,steam qr code,+750%
99,dwarf fortress steam,+650%
100,sons of the forest,+600%
101,ayaneo 2,+550%
102,god of war ragnarok steam,+500%
103,emudeck,+400%
104,emudeck steam deck,+400%
105,the last of us steam,+350%
106,online free games,100
107,free mobile games online,94
108,best online games,47
109,games to play online,46
110,best mobile games,46
111,online multiplayer games,25
112,online multiplayer games mobile,24
113,multiplayer games,24
114,mobile games to play with friends,19
115,games to play with friends online,18
116,online mobile games to play with friends,18
117,unblocked games,14
118,fun games,13
119,2 player online mobile games,11
120,roblox,11
121,mobile games on pc,10
122,poki games,9
123,pokemon games online,9
124,poki,8
125,online mobile casino games,8
126,fortnite mobile,8
127,car games online,8
128,fortnite,8
129,dungeon fighter online,Breakout
130,now.gg roblox,+750%
131,fifa mobile,+500%
132,soccer games,+400%
133,fifa mobile online,+350%
134,soccer games online,+300%
135,madden mobile,+150%
136,play free games online without downloading,+130%
137,gun games,+110%
138,kahoot,+100%
139,uno online,+100%
140,shell shockers,+90%
141,steam,+80%
142,naruto games online,+80%
143,.io games,+70%
144,pubg mobile,+60%
145,io games,+50%
146,apex legends mobile,100
147,apex legends mobile legends,99
148,apex,95
149,apex mobile,93
150,apex legends,93
151,mobile legends adventure,25
152,mobile games,14
153,mobile legends codes,13
154,mobile league of legends,13
155,league of legends,13
156,mobile legends bang bang,13
157,mobile legends tier list,11
158,mobile legends characters,8
159,mobile legend,7
160,mobile legends pc,7
161,mobile legends apk,6
162,mobile legends heroes,6
163,download apex legends mobile,6
164,mobile legends adventure codes,6
165,apex legends download,5
166,raid shadow legends,5
167,apex legends mobile controller,4
168,mobile legends adventure tier list,4
169,apex legends mobile shutting down,4
170,mobile legends adventure code,4
171,apex legends mobile shutdown,Breakout
172,why is apex legends mobile shutting down,Breakout
173,apex legends mobile error 201,Breakout
174,arlott mobile legends,Breakout
175,apex legends mobile error code 201,Breakout
176,helcurt mobile legends,Breakout
177,apex legends mobile sunset,Breakout
178,honor of kings,Breakout
179,basketball legends 2020,Breakout
180,joy mobile legends,"+4,150%"
181,is apex legends down,"+2,800%"
182,mobile legends m4,"+1,950%"
183,is apex legends mobile shutting down,"+1,800%"
184,what happened to apex legends mobile,"+1,450%"
185,did apex legends mobile shut down,+850%
186,rhapsody apex legends,+650%
187,vexana mobile legends,+500%
188,apex rhapsody,+450%
189,apex legends mobile season 4,+400%
190,will minecraft legends be on mobile,+400%
191,call of duty modern warfare,100
192,modern warfare,96
193,call of duty modern warfare 2,79
194,modern warfare 2,78
195,warzone,28
196,call of duty black ops,27
197,call of duty warzone,26
198,xbox call of duty,25
199,call of duty games,25
200,call of duty mw2,24
201,mw2,24
202,xbox,24
203,cod,20
204,new call of duty,20
205,call of duty zombies,17
206,cold war call of duty,16
207,call of duty 2022,16
208,cold war,15
209,ps5 call of duty,14
210,call of duty release date,14
211,ghost call of duty,13
212,ps5,13
213,ps4,13
214,call of duty ps4,12
215,call of duty lobby leaks,Breakout
216,call of duty mountain dew redeem,Breakout
217,call of duty modern warfare 2 black friday,Breakout
218,call of duty jack links,Breakout
219,call of duty modern warfare 2 safe code,Breakout
220,call of duty warzone 2.0,Breakout
221,dmz call of duty,"+3,500%"
222,dmz,"+3,350%"
223,call of duty mountain dew code,"+3,000%"
224,shredder call of duty,"+2,850%"
225,nadia call of duty,"+2,850%"
226,call of duty little caesars,"+2,650%"
227,call of duty mountain dew,"+2,350%"
228,mtn dew call of duty,"+2,050%"
229,call of duty modern warfare 2 update,"+1,950%"
230,burger king call of duty,"+1,750%"
231,mountaindew.com call of duty,"+1,600%"
232,call of duty 2023,"+1,500%"
233,new call of duty 2023,"+1,350%"
234,little caesars call of duty combo,"+1,350%"
235,call of duty boycott,"+1,050%"
236,call of duty modern warfare 2 vault edition,"+1,000%"
237,call of duty modern warfare 2 review,+950%
238,call of duty mobile warzone,100
239,warzone mobile,84
240,cod mobile,56
241,play call of duty mobile,50
242,call of duty download,41
243,download call of duty mobile,41
244,call of duty mobile controller,31
245,games,28
246,call of duty mobile apk,26
247,call of duty apk,25
248,call of duty mobile zombies,23
249,call of duty account,22
250,call of duty mobile pc,22
251,call of duty modern warfare mobile,21
252,call of duty mobile account,21
253,call of duty mobile release date,19
254,how to play call of duty mobile,19
255,how to play call of duty,19
256,call of duty mobile android,16
257,warzone mobile pre register,Breakout
258,cuando sale call of duty warzone mobile,Breakout
259,call of duty warzone mobile pre register,Breakout
260,when will call of duty warzone mobile be released,Breakout
261,call of duty warzone mobile release date 2022,Breakout
262,when does call of duty warzone mobile release,Breakout
263,secret letter call of duty mobile,Breakout
264,call of duty warzone mobile beta download,Breakout
265,when will call of duty warzone mobile release,Breakout
266,nicki minaj call of duty mobile,Breakout
267,call of duty/redeem,"+3,800%"
268,when is call of duty warzone mobile coming out,"+1,300%"
269,call of duty mobile warzone release date,"+1,300%"
270,when is warzone mobile coming out,"+1,000%"
271,warzone mobile release date,+950%
272,when does call of duty warzone mobile come out,+750%
273,when will call of duty warzone mobile come out,+700%
274,when is call of duty warzone coming to mobile,+700%
275,call of duty warzone 2,+600%
276,codashop,+550%
277,call of duty warzone mobile play store,+500%
278,now.gg call of duty,+450%
279,call of duty warzone mobile ios,+400%
280,best loadout cod mobile,100
281,cod mobile controller,96
282,cod mobile warzone,79
283,cod warzone,78
284,codm,67
285,cod mobile zombies,62
286,cod zombies,61
287,cod mobile guns,58
288,cod mobile pc,48
289,best gun cod mobile,45
290,cod mobile account,39
291,cod mobile reddit,37
292,cod mobile download,37
293,cod points,34
294,cod points mobile,32
295,best cod mobile guns,30
296,cod mobile weapons,29
297,best gun in cod mobile,28
298,cod mobile on pc,28
299,best sniper cod mobile,26
300,cod mw2,25
301,cod mobile skins,25
302,signature attachment cod mobile,Breakout
303,krig 6 cod mobile,Breakout
304,jubokko cod mobile,Breakout
305,popcorn medal cod mobile,Breakout
306,cod mobile m4 signature attachment,Breakout
307,rpg cod mobile,Breakout
308,cod mobile secret letter,Breakout
309,best gun in cod mobile 2023,Breakout
310,when does cod warzone mobile come out,Breakout
311,when will cod warzone mobile release,Breakout
312,razer kishi v2,Breakout
313,is cod mobile shutting down,Breakout
314,best guns in cod mobile 2023,Breakout
315,ventaja sangre fria cod mobile,Breakout
316,craigslist cape cod,Breakout
317,what is prone in cod mobile,Breakout
318,what does prone mean in cod mobile,"+3,400%"
319,cod mobile warzone release date,+850%
320,cod mobile signature attachments,+800%
321,when is cod warzone mobile coming out,+700%
322,best gun for cod mobile zombies,+450%
323,how to get shards in cod mobile,+450%
324,game loop,+400%
325,mobile video game truck,100.0
326,video game truck,97.0
327,mobile gaming truck,28.0
328,game truck rental,21.0
329,mobile game truck for birthday parties near me,20.0
330,mobile video game truck near me,14.0
331,pokemon mobile games,100
332,pokemon go,59
333,new pokemon mobile game,28
334,pokemon fusion game,26
335,pokemon infinite fusion mobile,19
336,pokemon unite,18
337,pokemon duel,17
338,pokemon scarlet and violet,7
339,digimon mobile game,3
340,fifa 23 mobile,100
341,fifa 23,94
342,fifa mobile players,59
343,fifa mobile team,46
344,fifa 22,46
345,fifa mobile 22,45
346,fifa world cup mobile,41
347,fifa world cup,41
348,fifa soccer,29
349,soccer,29
350,fifa mobile coins,29
351,twitter fifa mobile,22
352,fifa 2022,20
353,fifa game,19
354,fifa mobile apk,18
355,messi,17
356,ronaldo,17
357,fifa mobile toty,14
358,fifa mobile download,13
359,fifa mobile mod,13
360,fifa mobile market,13
361,best fifa mobile team,13
362,fifa mobile compare,12
363,training transfer fifa mobile,11
364,fifa mobile cards,11
365,training transfer items fifa mobile,Breakout
366,maradona fifa mobile,Breakout
367,fifa 24,Breakout
368,tott fifa mobile,Breakout
369,haaland,Breakout
370,pve match fifa mobile,Breakout
371,now gg fifa mobile,Breakout
372,fifa world cup schedule,Breakout
373,is maradona in fifa mobile,Breakout
374,how to get messi in fifa mobile,Breakout
375,fifa mobile world cup event,Breakout
376,fifa mobile card compare,Breakout
377,fifa mobile manager mode best tactics,Breakout
378,best formation fifa 23,Breakout
379,how to use training transfer items in fifa mobile,Breakout
380,how to do a bicycle kick in fifa mobile,Breakout
381,manchester city,Breakout
382,how to unlock head to head in fifa mobile,Breakout
383,fifa prize,Breakout
384,modric,Breakout
385,how to change your name in fifa mobile,Breakout
386,how to change stadium in fifa mobile,Breakout
387,soccer games unblocked,Breakout
388,how to,100
389,how to make a mobile game,17
390,game pass,15
391,steam mobile,12
392,how to make a game on roblox mobile,8
393,how to make a game on roblox,8
394,how to make a roblox game,8
395,xbox game pass on mobile,7
396,xbox game pass,7
397,google play,6
398,app store,5
399,roblox create,5
400,play store,4
401,game jolt,Breakout
402,gameloop,Breakout
403,political pollsters now make sure to conduct a percentage of their telephone interviews by calling mobile phones. this policy best addresses which potential source of bias? some of the population may not have access to other types of phones. the survey only reaches individuals who volunteer to be interviewed. the policy helps individuals understanding the wording of survey questions. some individuals contacted may choose to not participate.,Breakout
404,a programmer created a piece of software and wants to publish it using a creative commons license. which of the following is a direct benefit of publishing the software with this type of license?,Breakout
405,how to make a gamepass on roblox mobile pls donate,Breakout
406,which of the following actions is most likely to raise legal or ethical concerns?,Breakout
407,"at the beginning of a call to the cable company, a message tells customers, “after you finish talking to our customer service representative, you will be asked to take a five-question survey about the level of service you received. it would be appreciated if you could please stay on the line to answer the survey questions.” what type of sampling is the cable company using?",Breakout
408,which of the following activities is most likely to be successful as a citizen science project?,Breakout
409,which of the following actions is most likely to be effective in reducing the digital divide at a local level?,Breakout
410,amanda the adventurer,Breakout
411,a professor surveys his students about their opinions on how well he taught the course. he puts this survey on the last page of his final exam. which type of bias will most likely have the strongest effect on the survey results? not all students will have the access needed to find the survey. students may not truthfully reply because they fear it will affect their grade. students may not understand the wording used in the survey. not all students will be represented in the survey sample.,Breakout
412,which of the following applications is most likely to benefit from the use of crowdsourcing?,Breakout
413,hello neighbor diaries,Breakout
414,will call of duty be on game pass,Breakout
415,xbox vr,Breakout
416,"meereader is an e-reading application that allows users to download and read books and articles on a device. each user creates a profile with the following personal preferences. screen brightness and contrast choice of typeface and font size amount of spacing between lines of text activation of a text-to-speech feature that reads the text out loud when the user launches the application, the application scans the user’s face and uses facial recognition software to determine the user’s identity. once the user has been identified, the user’s personal preferences are applied to whatever book or article the user chooses to read. the application stores all user information in a database, including personal preferences and a record of previously read books and articles.",Breakout
417,which of the following is most likely to be a harmful effect of using filecleanup?,Breakout
418,which of the following taxes are regressive taxes and which are progressive taxes?,Breakout
419,geforce now,+350%
420,nfl mobile app,+350%
421,world cup,100
422,fifa world cup game,97
423,world cup game,94
424,fifa 23 game,63
425,fifa 2022 game,46
426,fifa soccer game,44
427,soccer game,43
428,fifa world cup 2022 game,35
429,2022 fifa world cup,33
430,world cup 2022,33
431,fifa games,28
432,what is fifa,22
433,what is fifa game,22
434,fifa game today,21
435,fifa today,21
436,fifa video game,20
437,fifa 22 game,19
438,best fifa game,18
439,fifa world cup 2022™,Breakout
440,fifa world cup qatar 2022™,Breakout
441,fifa 23 game modes,Breakout
442,argentina vs france,Breakout
443,iran vs usa,Breakout
444,telemundo,Breakout
445,fifa 24 release date,Breakout
446,is fifa 23 cross platform,Breakout
447,mexico vs saudi arabia,Breakout
448,qatar vs ecuador,Breakout
449,france vs morocco,Breakout
450,fifa 23 web app,Breakout
451,argentina vs croatia,Breakout
452,telemundo deportes,Breakout
453,spain vs germany,Breakout
454,efootball 2023,Breakout
455,when is fifa 23 coming to game pass,Breakout
456,fifa online 4,Breakout
457,google memory game,Breakout
458,fifa 23 nintendo switch,"+1,200%"
459,fifa bracket,"+1,050%"
460,england vs usa game,"+1,000%"
461,fifa cup,100
462,fifa world,92
463,fifa world cup 2022,53
464,fifa schedule,14
465,qatar,9
466,qatar world cup,8
467,fifa 2023,6
468,fifa 2022 schedule,5
469,fifa standings,4
470,fifa world cup 2022 schedule,4
471,world cup 2022 schedule,4
472,copa mundial de la fifa 2022™,Breakout
473,copa mundial de la fifa catar 2022™,Breakout
474,best fifa 23 formation,Breakout
475,how to griddy fifa 23,Breakout
476,fifa uncovered,Breakout
477,fifa 23 squad builder,Breakout
478,tots fifa 23,Breakout
479,toty fifa 23,"+4,000%"
480,fifa world cup 2022™ standings,"+3,700%"
481,cheapest 85 rated players fifa 23,"+3,700%"
482,netherlands vs argentina,"+3,700%"
483,fifa 23 companion,"+3,550%"
484,usa vs wales,"+3,300%"
485,brazil vs croatia,"+3,200%"
486,argentina vs saudi arabia,"+3,050%"
487,fifa 23 wonderkids,"+2,500%"
488,saudi arabia vs mexico,"+2,150%"
489,fifa 23 career mode,"+1,600%"
490,researchers call random radio listeners on the phone to rank five different popular songs. this research helps radio stations decide which songs to play more often. this method of gathering data is classified as,100
491,political pollsters now make sure to conduct a percentage of their telephone interviews by calling mobile phones. this policy best addresses which potential source of bias?,67
492,"pollsters take a survey of people at a ball game to collect and analyze data about favorite leisure activities of star city’s residents. would this study be biased? why or why not? no, it is not biased. the sample of people at the ball park is representative of star city’s residents. no, it is not biased. all people at the ball park will respond to the survey. yes, it is biased. not all people at the ball park will respond to the survey. yes, it is biased. the sample of people at the ball park is not representative of star city’s residents.",63
493,news cameras take an overhead picture of a part of a crowd at an outdoor event. journalists then count the number of people in the picture and use the sample to estimate the total number of people in the crowd. this process is an example of random sampling. stratified sampling. systematic random sampling. cluster sampling.,51
494,the population of a town is divided into three age categories. a random sample of each category is surveyed about voting choices. this type of sampling is called,45
495,a software company is designing a mobile game system that should be able to recognize the faces of people who are playing the game and automatically load their profiles. which of the following actions is most likely to reduce the possibility of bias in the system?,30
496,which of the following could be classified as a census?,20
497,alabama football game,100
498,alabama football,91
499,alabama game today,58
500,score alabama game,48
501,alabama score,47
502,tennessee,47
503,tennessee game,45
504,tennessee alabama,45
505,alabama tennessee game,44
506,alabama game time,41
507,alabama game channel,30
508,auburn game,29
509,alabama auburn game,28
510,auburn,28
511,alabama lsu,27
512,auburn alabama,27
513,texas alabama game,27
514,lsu game,26
515,alabama lsu game,26
516,lsu,25
517,alabama schedule,23
518,alabama basketball game,22
519,alabama game schedule,22
520,score of alabama game,21
521,alabama basketball,21
522,alabama spring game 2023,Breakout
523,alabama a day game 2023,Breakout
524,alabama bowl game 2023,Breakout
525,alabama football spring game 2023,"+2,100%"
526,tcu football,"+1,600%"
527,kstate alabama game,"+1,500%"
528,tcu game,"+1,400%"
529,tcu,"+1,350%"
530,alabama tennessee game 2022,"+1,000%"
531,alabama lsu game 2022,+900%
532,tennessee vs georgia,+800%
533,iron bowl 2022,+800%
534,ut alabama game time,+750%
535,auburn football schedule 2022,+600%
536,sugar bowl 2022,+600%
537,alabama auburn game 2022,+600%
538,georgia tennessee game,+550%
539,who won the alabama tennessee game,+550%
540,alabama vs kansas state,+550%
541,what time is the alabama tennessee game,+500%
542,tn alabama game time,+500%
543,yankees game today,+500%
544,astros game today,+450%
545,ut vs alabama game,+450%
546,mobile al,100
547,mobile weather,26
548,weather mobile alabama,25
549,alabama weather,25
550,mobile county,20
551,mobile county alabama,20
552,how far is mobile alabama,12
553,south alabama,11
554,mobile alabama time,11
555,mobile alabama beach,10
556,pensacola,10
557,mobile alabama airport,10
558,mobile airport,10
559,mobile alabama news,9
560,"mobile, alabama",9
561,mobile alabama hotels,9
562,weather in mobile alabama,9
563,mobile alabama homes for sale,8
564,mobile homes for sale,8
565,birmingham alabama,8
566,montgomery alabama,8
567,montgomery,8
568,flights to mobile alabama,7
569,alabama map,7
570,mobile alabama shooting nye,Breakout
571,"weather in mobile, alabama 10 days",Breakout
572,mardi gras 2023,"+2,000%"
573,cruises 2023,"+1,250%"
574,alabama football schedule 2022,+250%
575,current weather in mobile alabama,+160%
576,"mobile, alabama zip code",+130%
577,fox 10 news mobile al,+80%
578,cruises from mobile alabama,+80%
579,mobile county personnel board,+80%
580,renaissance mobile riverview plaza hotel,+70%
581,barton academy mobile alabama,+60%
582,"small mortuary obituaries mobile, alabama",+60%
583,weather in mobile alabama tomorrow,+60%
584,weather in mobile al,+50%
585,alabama football schedule,+50%
586,africatown alabama,+50%
587,airports near mobile alabama,+40%
588,how to turn off t mobile game spotlight,100
589,t mobile game service,62
590,is t mobile game spotlight free,23
591,madden 23 release,100
592,xbox madden 23,97
593,nfl madden 23,86
594,madden release date,84
595,madden 23 release date,83
596,madden 22,71
597,ps5 madden 23,71
598,madden 23 ratings,63
599,madden 23 rating,54
600,madden 23 ps4,53
601,madden 23 mut,52
602,madden ultimate team,39
603,ea,38
604,madden ultimate team 23,38
605,madden 23 update,38
606,madden 23 mobile,37
607,best playbook madden 23,33
608,how to play madden 23,32
609,new madden 23,30
610,theme team madden 23,30
611,madden 23 playbooks,29
612,madden 23 roster,28
613,best offensive playbook madden 23,Breakout
614,best abilities madden 23,Breakout
615,best defense in madden 23,Breakout
616,madden 23 franchise glitch,Breakout
617,celebration run madden 23,Breakout
618,realistic madden 23 sliders,Breakout
619,how to celebrate in madden 23,Breakout
620,best defensive playbook in madden 23,Breakout
621,prime gaming madden 23,Breakout
622,madden 23 database,Breakout
623,eagles theme team madden 23,Breakout
624,team of the year madden 23,Breakout
625,best offensive playbook in madden 23,Breakout
626,madden 23 defensive playbooks,Breakout
627,best offense playbook madden 23,Breakout
628,madden 23 ratings update,Breakout
629,madden 23 fantasy draft order,Breakout
630,matt10 madden 23 sliders,Breakout
631,mut rewards madden 23,Breakout
632,cowboys theme team madden 23,Breakout
633,how to lateral in madden 23,Breakout
634,how to relocate in madden 23,Breakout
635,chiefs theme team madden 23,Breakout
636,madden 23 servers down today,Breakout
637,warrior cats clan generator game mobile,100
638,skibidi toilet song,100
639,skibidi song,100
640,skibidi cameraman,60
641,what is skibidi toilet,59
642,cameraman,58
643,skibidi toilet wiki,53
644,skibidi toilet roblox,50
645,tv man,45
646,skibidi toilet tv man,44
647,skibidi bop toilet,42
648,skibidi bop,40
649,skibidi toilet meme,40
650,toilet meme,38
651,skibidi toilet youtube,34
652,skibidi toilet lyrics,27
653,speaker man skibidi toilet,26
654,speaker man,26
655,what is the skibidi toilet,25
656,skibidi toilet plush,25
657,camera man,21
658,camera man skibidi,21
659,skibidi toilet 50,19
660,skibidi dop toilet,19
661,skibidi toilet minecraft,19
662,skibidi dop dop toilet,18
663,mobile game,72
664,play mobile games,60
665,free mobile games,48
666,mobile games online,28
667,online games,27
668,online mobile games,26
669,mobile games reddit,18
670,good mobile games,15
671,epic games mobile,15
672,best games on mobile,14
673,top mobile games,14
674,multiplayer mobile games,13
675,xbox mobile games,12
676,top mobile games 2023,Breakout
677,best mobile games 2023 reddit,Breakout
678,best mobile games 2023,Breakout
679,w top games,Breakout
680,how to stop t mobile from downloading games,Breakout
681,madden nfl 23 mobile football,Breakout
682,madden 23,"+1,950%"
683,fifa mobile unblocked,+450%
684,t mobile customer service,+190%
685,xbox cloud gaming,+150%
686,call of duty warzone mobile,+90%
687,nfl games today,+80%
688,t mobile park,+80%
689,mint mobile,+70%
690,cloud gaming,+70%
691,ps5 games,+70%
692,the developers of a music-streaming application are updating the algorithm they use to recommend music to listeners. which of the following strategies is least likely to introduce bias into the application?,100
693,a mobile game tracks players’ locations using gps. the game offers special in-game items to players when they visit real-world points of interest. which of the following best explains how bias could occur in the game?,54
694,which of the following is least likely to be a contributing factor to the digital divide?,47
695,which of the following actions is most likely to help reduce the digital divide?,46
696,which of the following activities is most likely to be successful as a citizen science project? responses collecting pictures of plants from around the world that can be analyzed to look for regional differences in plant growth. collecting pictures of plants from around the world that can be analyzed to look for regional differences in plant growth. designing and building a robot to help with tasks in a medical laboratory. designing and building a robot to help with tasks in a medical laboratory. sorting scientific records and removing duplicate entries in a database with a large number of entries. sorting scientific records and removing duplicate entries in a database with a large number of entries. using a simulation to predict the impact of a construction project on local animal populations.,45
697,"an individual receives an e-mail that appears to be from an insurance company. the message offers a low insurance rate, and prompts the recipient to click a link to learn more. which of the following is most indicative that the e-mail is part of a phishing attempt?",41
698,a researcher wants to publish the results of a study in an open access journal. which of the following is a direct benefit of publishing the results in this type of publication?,41
699,a certain social media application is popular with people across the united states. the developers of the application are updating the algorithm used by the application to introduce a new feature that allows users of the application with similar interests to connect with one another. which of the following strategies is least likely to introduce bias into the application?,40
700,which of the following is not an advantage of using open-source software?,34
701,which of the following is most likely to be a beneficial effect of using meereader?,31
702,a user unintentionally installs keylogging software on a computer. which of the following is an example of how the keylogging software can be used by an unauthorized individual to gain access to computing resources?,29
703,which of the following is most likely to be a data privacy concern for streampal users?,28
704,a state government is attempting to reduce the digital divide. which of the following activities has the greatest potential to contribute to the digital divide rather than reducing it?,27
705,a researcher wants to publish the results of a study in an open access journal. which of the following is a direct benefit of publishing the results in this type of publication? responses the researcher can allow the results to be easily obtained by other researchers and members of the general public. the researcher can allow the results to be easily obtained by other researchers and members of the general public. the researcher can better anticipate the effect of the results and ensure that they are used responsibly. the researcher can better anticipate the effect of the results and ensure that they are used responsibly. the researcher can ensure that any personal information contained in the journal is kept private and secure. the researcher can ensure that any personal information contained in the journal is kept private and secure. the researcher can prevent copies of the research from being accessed by academic rivals.,25
706,ap classroom,21
707,a system is being developed to help pet owners locate lost pets. which of the following best describes a system that uses crowdsourcing?,19
708,crowdsourcing,17
709,an online gaming company is introducing several new initiatives to encourage respectful communication between players of online games. which of the following best describes a solution that uses crowdsourcing?,12
710,best mobile games reddit,99
711,best mobile games 2022,42
712,stumble guys now.gg,100
713,now.gg,93
714,stumble guys unblocked,42
715,jojoy,42
716,jojoy stumble guys,38
717,stumble guys online,31
718,stumble guys free,28
719,fall guys,27
720,stumble guys game,24
721,play stumble guys,23
722,stumble guys unblocked games,20
723,stumble guys gg,19
724,stumble guys mod,18
725,stumble guys apk,16
726,stumble guys download,15
727,what is stumble guys,14
728,now gg stumble guys,13
729,stumble guys pc,13
730,now gg,13
731,minecraft,13
732,jojoy spotify,Breakout
733,moddroid mechat,Breakout
734,jojoy toca boca,Breakout
735,jojoy minecraft,Breakout
736,jojoy app,Breakout
737,jojoy ios,Breakout
738,apkmody flashscore,Breakout
739,stumble guys beta,Breakout
740,codes for stumble guys,Breakout
741,irgi terbaik stumble guys,Breakout
742,dinosaur game,Breakout
743,unblocked games 911,Breakout
744,slope game,Breakout
745,drift hunters,Breakout
746,retro bowl unblocked,Breakout
747,1v1 lol unblocked,Breakout
748,slitherio,Breakout
749,unblocked games 66,Breakout
750,kbh games,Breakout
751,gg.now stumble guys,Breakout
752,melon playground,Breakout
753,how to play stumble guys on chromebook,Breakout
754,2023 mlb all star game,100
755,all star game mlb,99
756,nba all star 2023 game,71
757,nba all star,69
758,nba all star game,69
759,nba all star 2023,68
760,all star game 2023 nhl,33
761,nhl all star game,31
762,all star game 2023 when,28
763,when is all star game 2023,24
764,when is the 2023 all star game,17
765,when is the all star game,17
766,celebrity all star game 2023,15
767,celebrity all star game,15
768,all-star game 2023,15
769,all star game 2023 time,14
770,all star game time,14
771,all star game roster,14
772,2023 all star game roster,14
773,2023 all star roster,14
774,all star game 2023 schedule,12
775,baseball all star game,11
776,all star game 2023 baseball,11
777,all star game score 2023,11
778,all star game score,11
779,all star game 2023 channel,Breakout
780,all star game 2023 live,Breakout
781,how to watch all star game 2023,Breakout
782,mlb all star game 2023 voting,Breakout
783,all star game 2023 box score,Breakout
784,all star game 2023 stream,Breakout
785,where to watch all star game 2023,Breakout
786,team lebron 2023,Breakout
787,who won nba all star game 2023,Breakout
788,team lebron,Breakout
789,tnt,Breakout
790,all star game halftime show 2023,Breakout
791,who won the nba all star game 2023,Breakout
792,nhl all star game 2023 roster,Breakout
793,all star weekend schedule,Breakout
794,all star futures game 2023,Breakout
795,how to watch nba all star game 2023,Breakout
796,all star celebrity softball game 2023,Breakout
797,reds,Breakout
798,nba all star voting,Breakout
799,nhl skills competition 2023,Breakout
800,what time is the nba all star game 2023,Breakout
801,jayson tatum,Breakout
802,texas rangers,Breakout
803,giannis antetokounmpo,Breakout
804,marvel snap deck,100
805,marvel snap decks,59
806,marvel snap pool,31
807,marvel snap cards,28
808,marvel snap reddit,25
809,best marvel snap decks,22
810,marvel snap variants,20
811,best deck marvel snap,16
812,snap zone,14
813,snap zone marvel,14
814,marvel snap pool 3,10
815,marvel snap meta,10
816,marvel snap pool 2,10
817,marvel snap tier,9
818,marvel snap tier list,7
819,series 3 marvel snap,7
820,marvel snap pool 1,6
821,thanos snap,6
822,marvel snap thanos,6
823,marvel snap meta decks,5
824,galactus marvel snap,5
825,discard deck marvel snap,5
826,marvel snap wong,5
827,death marvel snap,4
828,patriot marvel snap,4
829,destroy deck marvel snap,Breakout
830,marvel snap series 3 cards,Breakout
831,pool 2 decks marvel snap,Breakout
832,marvel snap bundles,Breakout
833,high evolutionary marvel snap,Breakout
834,high evolutionary,Breakout
835,best marvel snap cards,Breakout
836,marvel snap pool 2 deck,Breakout
837,marvel snap pool 1 decks,Breakout
838,lockjaw marvel snap,Breakout
839,zabu marvel snap,Breakout
840,marvel snap series 4,Breakout
841,deadpool marvel snap,Breakout
842,marvel snap pool 3 decks,Breakout
843,marvel snap thanos deck,Breakout
844,darkhawk marvel snap,Breakout
845,black panther marvel snap,Breakout
846,hazmat marvel snap,Breakout
847,marvel snap top decks,Breakout
848,mystique marvel snap,Breakout
849,marvel snap she hulk,Breakout
850,what is the best game,38
851,what is the best mobile game,38
852,best mobile game 2022,22
853,best free mobile games,12
854,best game in the world,7
855,best mobile racing game,6
856,best mobile game vote,3
857,best offline mobile games,3
858,most popular mobile games,3
859,game awards 2022,2
860,best mobile game awards 2022,2
861,marvel snap,Breakout
862,vote for best mobile game,Breakout
863,a market research company wants to collect opinions on the comfort and performance of a new type of sneaker by brand x. which group of individuals would be the best choice for a random sample? ask every fourth person on the street ask every fourth person who is wearing that brand of sneaker ask every fourth employee from the brand x flagship store ask every fourth person who is wearing shoes,Breakout
864,a teacher asks students to list the math lessons they learned on nine random school days in the past month. she evaluates the students’ performance on this assignment to get a general picture of how well students are taking notes. this teacher’s method is an example of,Breakout
865,game tester jobs,100.0
866,mobile game tester jobs,93.0
867,persona 5 the phantom x,100.0
868,how to create a gamepass on roblox,50
869,roblox.com,11
870,best mobile game,90
871,best mobile games free,70
872,best mobile games android,45
873,best android games,45
874,best phone games,29
875,best ios games,29
876,offline mobile games,27
877,best offline games,27
878,best multiplayer mobile games,26
879,best online mobile games,25
880,best multiplayer games,25
881,best mobile rpg,23
882,best iphone games,23
883,best rpg mobile games,23
884,best roblox games,18
885,honkai star rail,Breakout
886,star wars jedi survivor,Breakout
887,royal match,Breakout
888,how to make a roblox game on mobile,93
889,how to make a game in roblox on mobile,32
890,how to make a game pass on roblox,26
891,unity,26
892,roblox studio,26
893,how to make a gamepass on roblox mobile,18
894,how to make a gamepass on roblox,18
895,pollsters take a survey of people at a ball game to collect and analyze data about favorite leisure activities of star city’s residents. would this study be biased? why or why not?,6
896,a professor surveys his students about their opinions on how well he taught the course. he puts this survey on the last page of his final exam. which type of bias will most likely have the strongest effect on the survey results?,4
897,"brand y cola sponsors a survey of 15,559 residents of texas to determine which brand of cola they prefer. forty percent say they prefer brand x, and 60 percent say they prefer brand y. which of the following is the sample used for the survey ?",3
898,a company wants to learn about the number of its employees who visit the dentist for regular checkups. which type of study will best help the company discover this information?,3
899,the population of a town is divided into three age categories. a random sample of each category is surveyed about voting choices. this type of sampling is called cluster sampling. stratified sampling. simple random sampling. systematic random sampling.,2
900,mobile games for free,100
901,play free mobile games,78
902,free online mobile games,67
903,free games online,67
904,free mobile games download,54
905,free games download,53
906,free games to play,46
907,free pc games,24
908,free multiplayer games,15
909,good free mobile games,14
910,fun mobile games free,13
911,fun mobile games,13
912,1v1 lol,Breakout
913,cookie clicker,Breakout
914,sescoops,Breakout
915,fifa,+700%
916,best free android games 2022,+550%
917,paper io,+350%
918,now.gg games,+140%
919,how to get free robux,+90%
920,mobile game ads meme,100.0
921,mobile cloud,99
922,xbox mobile gaming,86
923,xbox mobile,85
924,mobile gaming controller,63
925,gaming phone,61
926,pc gaming,54
927,mobile gaming pc,54
928,mobile pc gaming,54
929,mobile hotspot,45
930,gaming hotspot,44
931,t mobile internet,44
932,fortnite mobile cloud gaming,41
933,fortnite cloud gaming,41
934,gaming laptop,41
935,mobile hotspot for gaming,36
936,gaming truck,36
937,mobile gaming corps switch controller,Breakout
938,xbox remote play,Breakout
939,boosteroid,Breakout
940,oculus quest 2,Breakout
941,chrome web store,Breakout
942,glu mobile,Breakout
943,mobile gaming corps,+650%
944,iphone 14,+450%
945,xbox cloud gaming app,+350%
946,genshin impact,+300%
947,ps4 cloud gaming,+250%
948,xg mobile,+250%
949,backbone one mobile gaming controller,+190%
950,vr headset,+180%
951,starlink internet,+170%
952,how to play fortnite on mobile,+150%
953,xbox cloud gaming fortnite,+90%
