,Keywords,Sum,1-Month,3-Month,6-Month
305,remini baby ai,12600,4200.0,4200.0,4200.0
563,how to get rid of my ai on snapchat on android,2640,2233.33,-1566.67,1973.33
32,remini,2291,751.28,777.44,762.05
377,bullfrog ai stock,1980,2700.0,-700.0,-20.0
297,lensa ai art app,1580,522.22,542.22,515.56
626,ai trend,1120,400.0,360.0,360.0
294,ai app everyone is using,1040,433.33,373.33,233.33
22,ai headshot generator,1022,333.33,263.33,425.33
127,my heritage historical ai free,860,300.0,320.0,240.0
33,free ai headshot generator,810,234.59,241.01,334.59
605,perplexity ai app,782,229.41,296.47,255.69
625,lensa ai selfie,677,204.76,224.76,247.62
691,lensa photos,660,500.0,60.0,100.0
561,how to get rid of your ai on snapchat,657,406.67,-256.0,506.67
242,ai voice song cover,537,152.97,140.09,244.2
606,perplexity twitter,500,166.67,166.67,166.67
376,x.ai stock,436,168.54,7.14,260.66
222,voice ai voice changer,435,131.72,127.64,175.79
220,ai voice changer,415,120.95,128.0,166.1
46,what is the best ai art generator,375,188.89,93.59,92.03
248,rvc ai voice,366,63.93,143.39,158.69
342,c.ai,279,41.97,101.81,134.84
367,cvna stock,274,58.81,125.69,89.51
283,ai app generator,248,68.42,76.84,103.16
527,janitor ai free,244,15.36,113.86,114.46
774,google bard ai login,241,46.24,60.43,134.62
290,my ai app,237,74.71,39.54,122.3
326,character ai bypass,217,55.32,23.83,137.45
246,rvc ai,214,5.83,102.58,105.83
284,free ai app,212,42.47,68.68,100.82
686,google bard api,211,26.28,58.55,126.28
313,character ai filter,200,27.34,52.6,119.86
85,chat gpt down,199,170.65,11.54,16.32
456,what is google bard,194,29.52,37.52,126.67
603,what is bard ai,189,31.33,30.53,126.93
464,bard from google,189,23.68,47.89,117.37
204,canva ai image generator,180,41.74,50.31,88.29
9,ai photo generator,178,41.87,44.59,91.31
331,character ai no filter,171,6.5,61.77,102.92
372,open ai stock symbol,169,25.67,101.76,41.99
327,character ai bypass filter,166,42.22,2.1,121.37
684,bard ai login,166,10.91,46.91,108.0
243,voxbox,165,40.39,36.68,88.32
533,janitor ai chat,162,-9.44,87.56,83.56
202,ai image generator nsfw,162,24.1,53.95,84.1
415,cancel midjourney subscription,161,43.0,19.52,98.94
299,what ai app is everyone using,160,11.11,97.78,51.11
322,chai ai,160,16.61,40.57,103.15
43,soulgen,154,5.45,45.32,103.36
217,free ai voice generator,152,27.16,25.84,98.74
369,best ai stocks 2023,147,19.74,51.78,75.47
332,tavern ai,144,-2.53,53.42,92.91
382,soun stock,143,-4.76,58.79,89.06
406,stable diffusion vs midjourney,143,87.55,-51.58,106.67
315,my character ai,141,19.52,21.67,99.76
143,ai app,141,24.57,39.32,76.69
538,janitor ai reverse proxy,139,-18.09,78.68,77.97
530,janitor ai kobold,137,-18.88,79.9,76.25
621,ai photo,135,19.63,36.64,78.88
694,photo ai,133,19.0,36.01,78.26
238,fake you ai,133,21.12,8.89,102.95
30,nsfw ai image generator,133,14.07,44.41,74.22
211,free ai voice,132,15.45,28.62,88.13
144,bard ai,130,0.72,29.42,100.29
598,google bard,130,2.69,24.68,102.19
452,ai bard,130,0.72,29.42,100.29
312,what is character ai,129,19.94,14.17,94.5
629,ai photos,129,24.87,25.82,78.31
352,best ai stock,128,6.67,47.59,74.05
753,ai art generator nsfw,125,25.36,29.63,70.31
365,c3 ai stock price,125,-9.72,60.28,74.44
653,ai art wins competition,124,86.67,112.0,-74.67
344,is character ai safe,123,5.83,61.08,56.08
323,chai character ai,122,9.0,11.78,101.7
282,best ai app,119,21.26,18.9,78.74
463,bard app,119,0.0,27.27,91.36
319,ai anime character,115,12.33,24.13,78.63
314,character ai reddit,115,21.89,19.26,73.8
419,midjourney blend,115,15.03,0.13,99.35
734,ai character,114,10.24,11.02,93.23
89,free ai,113,16.4,25.45,70.79
330,ao3,113,30.25,41.36,41.73
501,character .ai,112,27.02,-0.56,85.33
347,ai stocks,112,-3.49,48.25,67.3
233,elevenlabs voice ai,109,12.0,17.37,80.0
455,what is bard,108,20.54,10.64,76.9
175,free image generator ai,105,6.52,24.76,74.12
678,bard university,105,40.29,15.77,48.81
288,character ai,105,6.46,8.21,90.04
13,free ai image generator,104,6.15,24.39,73.76
768,google ai search,103,5.59,24.66,72.29
229,best voice ai,100,16.94,9.57,73.09
759,fotor ai,99,39.05,13.33,46.48
346,ai stock price,97,-10.95,40.7,66.97
42,elevenlabs,96,5.54,6.78,83.39
78,ai generator free,96,11.93,22.3,62.06
632,free ai generator,96,12.0,21.91,62.28
196,bing image generator,96,-1.96,-0.52,98.04
451,bard google ai,95,-6.67,9.07,92.8
403,prompts for midjourney,95,11.83,12.15,71.51
329,character ai chats,95,-7.97,23.08,80.18
462,bard app google,95,-12.88,24.85,82.58
90,bard,95,7.18,18.76,68.9
362,nvidia stock,95,-9.78,47.11,58.12
176,free image generator,94,4.84,20.02,68.68
544,venus chub,94,-34.59,65.41,63.6
599,bard chat,94,2.62,-11.09,102.17
676,what is a bard,92,21.64,13.92,56.02
536,ai reverse proxy,91,-35.27,61.08,64.73
634,ai generated,90,29.55,5.18,55.06
460,google chatbot bard,89,82.46,-175.44,182.46
739,google bard ai,89,-9.37,8.54,90.11
37,bing image creator,88,0.34,-10.58,98.17
505,character ai alternative,87,-13.21,29.48,71.08
310,character ai nsfw,86,0.23,-0.45,85.8
671,google ai bard,86,-10.24,7.15,89.24
640,anime ai,84,14.81,25.93,42.96
582,huggingface,84,10.42,13.67,59.42
411,midjourney promo code,83,72.38,-55.05,65.52
336,character ai nsfw filter bypass,82,34.92,-26.03,73.49
366,generative ai,82,-18.22,32.95,67.36
360,nvda stock,81,-7.8,35.6,53.48
351,c3 ai stock,81,-16.87,37.7,59.92
666,elevenlabs ai,80,-2.51,0.72,82.01
26,bing ai image generator,80,-8.84,0.56,88.76
320,ai character bot,80,16.75,-22.55,85.31
761,popular ai art generator,78,96.23,-19.62,1.51
84,bing chat,78,14.55,-40.94,104.41
667,the bard,78,13.5,11.35,53.33
189,ai images generator,78,13.98,13.08,51.27
545,janitor ai reddit,77,-38.17,55.7,59.57
673,bard dnd 5e,76,28.29,21.08,26.3
235,dagoth ur voice ai,76,220.0,-32.0,-112.0
760,ai avatar generator,76,20.0,22.0,34.0
325,character ai down,75,4.42,-6.43,77.43
543,venus chub ai,75,-41.27,57.78,58.41
311,ai character generator,74,1.61,7.54,64.37
359,nvda,73,-11.37,34.04,50.04
600,bard ai chat,72,1.67,-31.33,101.67
141,best ai,71,6.74,7.98,55.84
412,upload image to midjourney,70,2.27,-3.75,71.59
627,ai picture,70,9.93,7.38,52.91
113,ai generator,70,15.51,3.85,50.48
363,ai companies stock,69,-5.01,27.73,46.14
577,stable diffusion install,69,17.47,9.22,42.53
777,perplexity ai,68,7.87,-5.09,65.26
528,janitor ai api,68,-42.31,56.15,54.23
747,ai anime art,67,9.47,26.95,30.32
7,ai voice,67,8.19,-7.97,66.62
239,11 labs ai voice,67,3.16,-12.21,76.21
5,voice ai,67,8.19,-7.97,66.62
532,kobold ai,66,-38.0,47.46,56.13
318,ai characters,66,5.38,-4.04,64.34
364,ai companies,65,4.1,11.37,49.33
373,avgo stock,64,-20.93,42.79,42.33
221,voice changer,64,18.29,23.97,21.48
525,what is stable diffusion ai,64,13.3,-19.76,70.19
430,ai stock,64,-15.56,27.11,52.11
474,microsoft ai,62,6.55,-3.84,59.04
639,ai art anime,62,8.07,25.54,28.07
550,open ai chatgpt api,60,45.38,-32.17,46.8
472,how to use bard,60,-16.02,12.82,63.2
547,koboldai,60,-27.38,32.0,55.63
401,midjourney image generator,60,9.41,-11.5,61.78
721,bing chat ai,60,13.24,-66.48,113.24
745,ai generator image,59,6.98,0.62,51.78
637,image generator ai,59,6.98,0.31,51.47
579,stable diffusion lora,58,-7.49,-12.92,77.93
470,chatgpt vs bard,58,3.7,-42.96,97.04
45,ai image generator,57,5.64,0.41,50.87
247,rvc,57,4.35,28.7,23.91
512,image ai generator,57,6.46,-0.21,50.96
174,bing ai chat,56,11.42,-65.02,109.22
295,open ai chatgpt app,56,8.7,1.7,46.03
534,venus ai,55,-46.77,49.89,51.41
674,bard spells 5e,55,22.94,16.97,15.41
308,ai chat character,55,11.11,-23.63,67.25
188,ai images,54,9.34,1.66,42.91
675,bard build,54,25.27,18.85,9.92
496,ai character chat,53,10.53,-24.21,66.67
49,ai,53,3.92,-6.08,55.1
647,meitu,52,33.33,13.33,5.33
10,picture generator ai,52,7.02,-1.4,46.49
11,ai picture generator,52,7.02,-1.4,46.49
190,ai image generator from text,52,10.83,10.45,31.08
67,ai image,51,3.92,-4.51,51.19
56,image ai,51,3.92,-4.51,51.19
324,chai,51,16.05,20.99,14.32
374,stability ai stock,51,13.26,65.09,-26.95
8,best ai generator,51,8.25,4.18,38.79
195,bing ai,50,-9.03,-28.66,87.23
517,stable diffusion reddit,49,20.0,-10.96,39.7
519,image to image ai,49,0.66,2.4,46.12
523,stable diffusion ai download,48,24.19,-24.84,48.3
286,chat ai app,47,14.87,-15.59,47.79
758,ai logo generator free,46,-17.86,10.16,53.72
334,wattpad,46,10.77,18.46,16.74
180,ai image generator from image,46,5.37,1.54,38.74
6,ai voice generator,45,-1.52,-23.03,69.7
209,voice generator ai,45,-1.52,-23.03,69.7
88,chat gpt resume,44,-2.22,-5.59,51.56
205,fotor,44,15.37,4.16,24.59
541,what is janitor ai,43,-47.18,51.27,38.52
216,ai text to speech,43,-5.99,-3.75,52.88
668,bard 5e,43,19.68,6.37,17.29
436,how to get rid of,43,1.79,12.54,29.1
670,bard dnd,43,22.87,7.92,12.56
570,stable diffusion prompt,42,16.46,-16.11,41.36
399,midjourney ai free,41,-1.63,-10.72,53.61
657,voice ai generator,41,-1.16,-26.56,69.19
34,image generator,40,3.88,-4.03,40.62
567,reddit stable diffusion,39,15.62,-10.73,34.15
542,how to use janitor ai,39,-50.78,44.74,45.11
350,c3 ai,38,-18.58,16.69,39.9
316,character ai google,37,-19.03,-6.01,62.35
291,open ai app,37,20.0,-23.47,40.0
672,bard spells,36,17.33,9.87,9.07
199,best free ai image generator,36,-5.93,-5.32,47.2
424,ai logo generator,35,-15.47,1.77,48.45
287,character ai app,35,-43.56,24.05,54.48
665,ai voices,34,-6.1,-20.65,60.91
226,celebrity voice ai,33,11.89,-59.3,80.56
240,11 labs,33,1.96,-30.66,61.75
35,novel ai image generator,32,150.98,-36.08,-83.14
597,ai google,31,-5.7,-13.38,49.89
340,deviantart,31,4.55,9.03,17.34
680,bard class,31,-0.5,14.49,16.64
652,bing ai art generator,30,-19.89,-21.83,71.72
14,logo generator ai,30,-16.89,0.35,47.04
413,翻译,29,2.07,-3.47,30.66
181,best image ai generator,29,-0.4,-11.0,40.8
132,google ai,29,-7.41,-13.12,49.74
537,reverse proxy,28,-18.95,22.21,24.64
208,free ai logo generator,28,-23.97,6.57,45.31
679,bard meaning,27,-11.83,-11.18,49.78
36,best ai photo generator,27,-7.46,-11.04,45.97
177,ai image to image generator,27,-3.17,-8.65,39.21
182,ai image generator midjourney,27,-1.52,-21.21,50.0
361,nvidia,27,-11.11,20.17,18.12
179,ai generator from image,26,-5.27,-2.95,34.07
644,bing ai art,26,-19.42,-32.81,78.49
526,how to use stable diffusion,26,-4.64,-7.68,37.88
383,chatgpt stock price,25,22.67,3.73,-1.07
521,stable diffusion download,25,9.05,-10.38,26.48
749,ai anime generator,25,-0.5,9.95,15.92
345,free fonts,25,8.45,10.26,6.53
573,download stable diffusion,25,9.05,-10.38,26.48
682,bard vs chatgpt,24,-11.46,-46.46,82.29
748,anime art ai generator,24,2.22,9.78,11.56
301,bard ai app,24,-33.64,-2.95,60.83
407,best ai image generator,23,-2.41,-13.01,38.8
392,midjourney prompt,22,-9.57,-20.85,51.95
495,roblox character,22,6.21,7.45,8.55
518,image to image stable diffusion,22,7.73,-15.17,29.76
210,voice generator,22,-0.91,-25.11,47.73
540,api key janitor ai,22,-56.97,43.03,36.26
720,ai chat free,22,-1.61,-22.71,46.53
649,anime ai art generator free,20,-13.75,6.25,27.96
328,character ai login,20,-30.61,-4.66,55.12
289,app lensa ai,20,100.0,40.0,-120.0
156,bing chatgpt,19,6.25,-73.75,86.25
214,ai voice text to speech,18,-20.85,-10.07,49.18
414,midjourney niji,18,-17.06,7.03,28.14
480,anime character,18,3.52,6.38,8.36
213,ai text to voice,17,-18.3,-12.64,48.4
498,janitor ai,15,-61.8,38.2,38.2
358,tsla stock,14,-2.41,23.37,-7.15
357,tsla,14,-0.61,27.25,-12.61
580,lora,13,-1.81,-0.72,15.58
578,webui,13,-2.62,-19.78,35.66
618,ai avatar,13,2.73,0.44,9.62
630,free ai art,13,-2.96,-4.74,20.49
391,midjourney free,11,-10.65,-23.09,44.54
484,dnd,9,12.75,-7.55,3.33
228,google ai voice,9,-9.33,-22.5,40.92
250,ice spice ai voice,8,-35.28,-21.49,64.72
75,chatgpt login,8,-3.49,-58.13,70.07
393,midjourney prompts,8,-8.93,-19.78,37.21
353,tesla,6,0.82,9.64,-4.82
341,character ai petition,5,-1.86,-65.11,71.74
101,what is ai,5,1.36,-40.68,44.22
750,anime art generator,4,-10.26,3.59,10.51
134,free chatgpt,3,-0.88,-35.52,39.65
744,ai art free generator,3,-4.37,-8.89,16.35
575,stable diffusion image to image,3,1.45,-21.45,23.48
458,use google bard,3,-44.65,-5.79,53.84
743,ai generator art free,3,-4.37,-8.89,16.35
740,ai art generator free,3,-4.37,-8.89,16.35
148,chatgpt free,2,-1.38,-36.03,39.14
385,midjourney how to,2,-5.58,-24.86,32.65
681,ffxiv bard,2,48.06,-4.03,-41.71
317,characters,2,2.43,-0.88,0.71
703,character,2,0.0,-6.83,9.02
661,11,1,4.86,1.54,-4.97
389,discord,1,-4.91,1.86,4.34
223,eleven labs,0,-3.7,-73.7,77.41
631,art ai generator free,0,-5.16,-9.92,15.32
531,kobold,0,-8.96,14.63,-5.97
728,chatgpt open ai app,0,-11.44,-25.89,37.18
664,eleven labs joe biden,0,-29.17,20.83,8.33
539,api key,0,-6.75,-18.65,25.28
212,voice to text,0,0.3,-7.73,7.25
368,verses ai stock,0,-61.27,22.84,38.73
713,free open ai,-1,-18.26,-5.45,22.23
658,eleven labs free,-1,-20.25,-27.54,46.85
746,ai text generator,-1,-2.08,-16.58,17.67
296,best ai art generator app,-1,22.35,-19.76,-3.76
481,character names,-2,-6.35,2.37,2.37
422,midjourney 教程,-2,27.45,-129.02,99.22
3,free ai art generator,-2,-5.49,-10.67,13.8
38,ai illustration generator,-3,-33.33,0.55,29.31
730,what is the ai,-3,7.55,-50.68,39.93
394,midjourney images,-3,-5.15,-29.7,31.44
1,ai generator text,-3,-2.77,-16.74,16.98
663,text to voice,-4,-0.3,-9.85,6.01
767,google image ai,-4,-16.79,-20.44,33.28
461,bard chatbot,-4,5.98,-101.2,91.62
17,logo generator,-4,-8.79,-10.55,15.16
230,voice cloning,-5,4.3,-38.28,29.46
354,tesla stock,-5,-6.31,20.8,-19.05
44,ai voice cloning,-6,-15.09,-53.19,62.18
529,api,-6,-7.14,-5.78,6.58
655,voice,-6,-0.13,-7.0,1.34
732,ai what is it,-6,4.32,-49.75,39.51
304,lensa ai art generator app,-7,-55.56,4.44,44.44
307,beta,-8,-15.33,-5.26,12.85
192,ai text to image,-9,-8.82,-27.86,27.67
669,college bard,-9,7.27,-19.95,3.81
309,character generator,-9,-6.74,-7.29,4.95
27,ai selfie generator,-9,52.38,-64.76,3.81
546,openai api,-10,-14.61,-42.28,47.31
524,what is stable diffusion,-10,12.09,-35.87,14.04
497,character.ai,-10,-20.9,-38.53,48.93
410,midjourney art styles,-11,0.92,-51.57,39.48
641,what is ai art,-11,20.51,-24.1,-7.18
231,voice cloning ai,-12,-17.19,-55.3,60.07
153,python,-13,3.45,-10.48,-6.07
219,eleven ai voice,-14,8.0,-92.8,70.4
482,cartoon character,-14,-3.83,-10.05,-0.61
662,youtube to mp3,-15,-1.36,-17.97,4.1
206,best free ai art generator,-16,-0.92,-19.82,4.85
685,how to use google bard,-17,-50.74,-2.21,35.5
285,ai art app,-17,4.17,-0.83,-20.83
155,chatgpt website,-17,-8.92,-34.27,26.01
483,disney character,-17,-12.62,-0.98,-3.47
241,voice lab,-17,51.11,-40.89,-27.02
522,stable diffusion model,-18,-2.53,-39.49,23.54
21,stable diffusion,-18,-1.71,-28.12,11.47
173,bing,-18,-3.96,-13.08,-0.82
400,what is midjourney,-20,-2.43,-36.07,18.19
487,character sheet,-20,10.53,-5.15,-25.68
119,my heritage historical ai,-20,0.0,0.0,-20.0
704,character. ai app,-20,-63.79,22.88,21.4
574,stable diffusion models,-20,-11.92,-31.92,24.14
224,eleven labs ai,-21,-0.29,-100.64,79.54
576,nsfw stable diffusion,-21,-7.14,-20.36,6.79
159,google ai chat,-21,-4.76,-49.76,33.81
160,free chat gpt,-22,-2.4,-51.52,31.68
142,chatgpt ai login,-22,10.57,-82.11,49.11
64,chat gpt free,-22,-2.4,-51.52,31.68
608,gamma ai,-23,-4.76,-107.11,89.19
651,loab,-25,25.0,7.5,-57.5
87,chatgpt 4,-26,-1.54,-105.23,80.62
349,open stock,-26,-14.73,8.53,-19.38
164,chat with ai,-26,-8.01,-50.19,31.91
218,eleven ai,-27,-5.11,-96.1,73.99
690,lensa jobs,-27,-36.96,-0.91,11.34
198,chatgpt image generator,-27,-13.64,-47.27,34.24
572,stable diffusion prompts,-28,-3.5,-42.96,18.68
731,what is an ai,-28,-3.63,-54.92,30.23
193,text to image generator,-29,-11.97,-31.2,14.21
387,art ai,-29,0.34,-20.07,-9.35
232,text to voice generator,-29,-15.37,-29.41,15.7
23,ai art,-29,0.34,-20.07,-9.35
491,character creator,-29,-4.31,-17.51,-7.17
431,open api,-30,-16.43,-22.73,8.69
172,ai writing,-30,7.54,-36.65,-0.77
201,ai image generator chat gpt,-30,-14.75,-38.03,22.95
515,free stable diffusion,-31,-15.11,-26.84,11.02
702,beta. character. ai,-31,-34.96,-48.13,51.87
516,stable diffusion free,-31,-15.11,-26.84,11.02
636,best ai art,-31,-2.22,-22.56,-6.22
457,google chat ai,-31,-8.33,-53.33,30.24
432,open ai api,-31,-21.36,-42.03,32.81
638,best ai art generator,-32,1.07,-21.67,-11.45
191,text to image ai generator,-32,-13.42,-28.74,10.39
476,main character,-33,-0.32,-17.38,-14.82
227,google voice,-33,-8.18,-8.05,-17.11
390,use midjourney,-33,-16.47,-40.48,24.1
200,chat gpt image generator,-33,-27.08,-29.6,23.73
355,google stock,-34,-4.19,-14.34,-15.54
81,bing chat gpt,-34,-4.76,-100.09,71.34
764,google docs ai,-34,16.78,-81.39,30.5
225,eleven labs ai voice,-35,3.4,-108.03,69.93
404,midjourney seed,-35,-2.27,-67.29,34.49
643,ai art reddit,-35,9.89,-20.66,-24.18
469,google bard access,-35,-28.68,-57.05,50.85
15,midjourney,-35,-7.96,-40.0,13.45
4,text generator,-37,-4.76,-21.24,-11.02
775,brad google ai,-38,-60.71,-16.43,39.29
150,how to use chatgpt,-38,-3.47,-56.75,22.61
566,ai stable diffusion,-40,-3.48,-32.5,-3.68
396,midjourney art generator,-41,7.78,-28.26,-20.12
129,chat ai,-41,-2.98,-45.96,7.83
405,best midjourney prompts,-41,0.18,-76.25,34.88
454,google chat,-42,-9.17,-27.92,-4.67
151,chatgpt api,-43,4.86,-71.39,23.61
490,character counter,-43,-10.03,-21.4,-11.91
18,ai chat,-43,-3.55,-46.52,7.26
752,ai art generator from text,-43,-3.15,-21.36,-18.57
0,art generator,-44,-0.68,-23.95,-19.05
197,stable diffusion ai,-44,-4.83,-34.12,-5.03
339,picrew,-44,-15.74,-16.3,-11.85
12,ai generator art,-45,-0.78,-25.43,-18.91
47,chat,-45,-8.05,-39.36,2.57
293,ai art generator,-45,-0.78,-25.43,-18.91
178,art generator ai,-45,-0.78,-25.43,-18.91
434,chat gpt open api,-46,5.01,-57.06,6.36
149,reddit chatgpt,-46,2.61,-56.7,7.65
568,diffusion model,-47,0.65,-46.28,-1.14
95,snapchat,-47,-3.66,-41.0,-2.62
397,how to use midjourney,-48,-23.2,-44.16,19.84
106,my heritage,-48,-5.45,-18.91,-23.27
215,text to speech,-49,-6.8,-22.78,-19.42
146,use chatgpt,-49,-2.06,-70.91,23.6
58,chat gpt 4,-51,-8.7,-124.35,81.74
418,how to use midjourney on discord,-51,-39.87,-31.48,20.29
292,chat gpt ai app,-51,6.09,-70.25,13.19
493,character ai beta,-52,-22.11,-75.79,45.89
79,chat got,-52,0.0,-70.55,18.18
742,beta character ai,-52,-22.11,-75.37,45.89
356,stock market,-52,-7.79,-18.44,-25.92
465,google chatbot ai,-52,1.96,-89.8,36.08
194,text to image,-53,-8.75,-40.95,-3.78
306,ai character beta,-55,-23.61,-76.11,44.31
16,midjourney ai,-56,-6.96,-42.79,-5.81
485,character meaning,-56,-7.73,-32.23,-15.81
138,chatbot ai,-57,1.25,-66.88,8.84
139,ai chatbot,-57,1.25,-66.88,8.84
423,nightcafe ai,-58,-5.2,-17.49,-35.11
656,eleven labs voice,-58,0.61,-97.21,38.79
719,ai chat generator,-60,-9.73,-52.3,1.87
28,lensa ai art generator,-60,100.0,80.0,-240.0
494,character letter,-61,-8.62,-28.9,-23.87
381,wal stock,-61,8.84,-168.71,99.05
776,bing ai chatbot,-64,-25.93,-101.48,62.96
486,which character are you,-64,-13.24,-20.64,-30.5
726,gpt 4,-66,-9.68,-135.48,78.71
395,ai art generator midjourney,-66,6.67,-37.33,-35.13
535,janitor ai login,-66,-87.16,8.69,12.84
39,fotor ai image generator,-69,21.38,-52.97,-37.52
513,stable diffusion ai free,-70,-28.89,-47.29,6.04
145,chatgpt ai,-70,-7.27,-65.82,3.27
121,ai chatgpt,-70,-7.27,-65.82,3.27
203,novel ai,-72,-9.93,-22.78,-39.21
478,the main character,-74,-5.82,-41.44,-27.16
635,ai generated art,-74,-5.31,-25.31,-43.29
733,what is chat ai,-75,-2.46,-80.56,8.28
697,ai portrait,-76,15.94,-16.23,-75.36
135,what is chatgpt ai,-76,-10.3,-67.39,1.33
259,chat bot,-76,2.67,-56.9,-21.39
622,portrait ai,-76,15.94,-16.23,-75.36
766,translate google,-77,-9.3,-35.28,-32.56
258,chat gpt meaning,-78,-19.66,-73.16,14.36
453,chatgpt google,-79,-9.41,-84.34,15.18
683,google ai chatbot,-79,-14.29,-89.14,24.0
384,midjourney art,-79,-3.27,-42.88,-32.68
388,midjourney discord,-80,-18.2,-55.78,-5.93
133,google chatgpt,-80,-10.05,-84.98,14.55
207,novelai,-81,-14.4,-21.07,-45.76
249,eleven labs voice cloning,-82,107.41,47.41,-237.04
50,chatgpt,-84,-10.73,-72.1,-1.37
624,ai selfie,-85,8.33,-111.67,18.33
488,what character are you,-85,-16.0,-36.73,-32.63
727,open ai gpt 4,-86,-19.13,-126.34,59.89
468,bard ai chatbot,-86,-20.0,-146.29,80.0
70,open ai,-87,-5.82,-42.33,-39.26
408,midjourney alternatives,-88,-34.04,-88.14,33.96
162,what is chat gpt ai,-88,-3.63,-80.66,-3.83
459,google chatbot,-89,1.01,-88.08,-2.02
520,nsfw stable diffusion ai,-92,-24.2,-44.81,-22.88
428,what is open ai,-93,-3.45,-58.33,-31.13
718,chat ai bot,-94,13.04,-78.26,-28.99
707,ai chat bot,-94,13.04,-78.26,-28.99
398,midjourney bot,-94,13.58,-64.2,-43.46
83,chat gpt api,-95,-2.68,-75.1,-17.62
725,ai playground,-95,21.46,-53.88,-62.65
409,art styles,-95,-8.21,-44.51,-42.36
654,playground ai,-96,21.46,-54.43,-62.65
723,chat gbt,-96,-5.59,-97.15,6.63
633,ai art midjourney,-97,-3.33,-42.33,-51.33
234,joe biden voice ai,-97,6.67,-181.33,77.87
502,kate winslet avatar character,-97,-30.95,13.33,-79.52
77,chat gpt website,-98,-14.8,-69.16,-14.05
659,eleven labs ai speech,-98,-40.38,-76.31,18.64
471,google bard vs chatgpt,-99,-51.11,-85.78,38.22
433,open ai chat gpt api,-99,-13.83,-60.23,-25.4
421,midjourney architecture,-99,-6.38,-105.53,13.05
126,my heritage ai machine,-100,0.0,0.0,-100.0
696,lensa filter,-100,66.67,-173.33,6.67
31,ai heritage generator,-100,33.33,13.33,-146.67
371,boil stock,-101,-33.6,-34.98,-32.39
420,craiyon ai,-101,-8.38,-47.04,-45.81
612,ai checker,-102,-15.06,-127.8,40.49
386,midjourney ai art,-103,-5.98,-43.42,-53.68
300,wonder ai,-103,-27.0,-50.8,-24.88
602,ai chatbot bard,-104,-27.93,-148.47,72.07
475,what is character,-104,-14.05,-51.57,-38.02
569,midjourney stable diffusion,-104,-25.41,-72.34,-5.81
756,novel ai art generator,-104,-19.44,-33.61,-51.11
514,stable diffusion ai image generator,-104,-47.9,-42.17,-13.87
245,vall-e ai,-106,39.13,-40.58,-104.35
68,chatbot,-107,1.75,-66.14,-42.46
41,president ai voice generator,-107,-42.42,-122.42,57.58
76,how to get chat gpt,-108,-13.1,-101.36,6.5
48,ai gpt,-110,-11.75,-78.6,-19.94
715,gpt chat ai,-111,-7.25,-82.71,-20.87
714,chat gpt ai,-111,-7.25,-82.71,-20.87
302,best chat gpt app,-111,-9.47,-132.67,30.78
169,ai detector,-112,-19.61,-138.43,45.69
321,ai bot,-112,8.59,-117.39,-2.75
251,ai chat gpt,-113,-8.53,-83.22,-21.38
252,gpt ai chat,-113,-8.53,-83.22,-21.38
711,what is chat open ai,-113,-6.94,-12.71,-93.24
337,pygmalion ai,-114,-11.69,-93.51,-8.31
52,chat ai gpt,-115,-9.18,-83.86,-22.03
152,chatgpt stock,-115,-6.17,-44.84,-63.8
53,ai gpt chat,-115,-9.18,-83.86,-22.03
257,how to use chat gpt,-117,-14.33,-94.43,-7.86
57,google gpt,-118,-19.87,-108.15,10.24
92,chat gpt cost,-118,-13.04,-110.87,6.09
86,what is chatgpt,-119,-13.37,-98.95,-6.77
161,google chat gpt,-119,-18.52,-108.42,7.95
131,gpt,-120,-19.5,-96.48,-3.65
59,use chat gpt,-120,-13.96,-100.76,-5.39
167,chat gpt ai chatbot,-122,11.95,-65.41,-68.43
63,openai,-123,-2.78,-72.78,-47.78
700,avatar app,-123,-7.69,-7.69,-107.69
601,gpt chat,-124,-18.98,-98.12,-6.63
19,chat gpt,-125,-18.0,-100.4,-6.8
335,pygmalion,-126,-1.21,-75.3,-49.6
429,google open ai,-129,-12.32,-77.1,-39.28
757,uncensored ai art generator,-129,-83.33,-17.71,-27.71
20,stable diffusion ai generator,-131,-38.16,-62.07,-30.41
73,new chat gpt,-136,-20.86,-107.81,-7.7
260,is chat gpt free,-139,-26.44,-93.14,-19.84
692,lensa reddit,-140,166.67,6.67,-313.33
25,lensa,-140,0.0,0.0,-140.0
171,chat gpt art,-141,-4.99,-122.95,-12.77
261,chat gpt examples,-141,-16.94,-111.04,-13.11
677,bard high school,-143,-59.35,-45.2,-38.86
548,open chat,-145,-6.01,-59.45,-79.13
184,ai image generator dall e,-147,-17.46,-87.46,-42.22
60,chat gpt app,-150,-1.64,-86.56,-62.08
511,ai art generator stable diffusion,-151,-32.62,-53.05,-65.82
130,open ai chatgpt,-152,-14.09,-76.15,-61.72
154,chatgpt open ai,-152,-14.09,-76.15,-61.72
51,chat gpt login,-155,-12.45,-112.45,-30.52
586,how to delete snapchat,-159,-3.45,-169.66,13.79
54,what is gpt,-160,-18.12,-120.72,-21.16
183,dall e image generator,-164,-15.47,-94.29,-54.55
253,what is gpt chat,-166,-18.06,-124.54,-23.54
477,what is a character,-166,-20.12,-85.28,-60.22
507,avatar 2 cast,-166,-71.63,-0.57,-94.18
510,stable diffusion art,-166,-18.01,-74.04,-74.04
55,what is chat gpt,-166,-18.06,-124.54,-23.54
348,open ai stock,-167,-12.95,-8.82,-145.67
689,what is lensa,-167,-33.33,-33.33,-100.0
91,chatgpt app,-167,-5.41,-80.0,-81.62
416,midjourney reference image,-172,-43.17,-105.14,-23.83
163,chat gpt ai login,-172,-6.92,-105.66,-59.37
61,open gpt,-173,-3.23,-89.89,-79.57
236,dagoth ur,-174,-12.82,-112.82,-48.21
709,chat gtp,-174,-13.62,-114.74,-46.01
645,novel ai art,-175,-30.3,-20.3,-124.85
140,chatgpt openai,-177,-4.25,-105.06,-68.01
254,open gpt chat,-177,-1.75,-87.49,-87.49
147,openai chatgpt,-177,-4.25,-105.06,-68.01
65,open chat gpt,-179,-2.53,-88.27,-88.27
82,chat gpt download,-179,-19.54,-81.84,-77.7
24,lensa ai,-180,33.33,0.0,-213.33
338,beta character ai nsfw,-186,-21.57,-198.04,33.73
426,open ai login,-187,-13.56,-156.87,-16.74
136,ai chatbot chatgpt,-190,-3.52,-123.36,-63.52
157,open ai gpt chat,-195,0.66,-92.72,-103.31
724,gpt open ai,-197,-3.39,-99.8,-93.57
509,ai art stable diffusion,-198,-25.05,-86.47,-86.47
722,ai chat detector,-198,-31.37,-177.25,10.98
660,11 eleven labs,-198,-48.72,-96.41,-52.45
717,open chat ai gpt,-199,-1.75,-93.86,-103.33
705,open ai chat gpt,-199,-1.75,-93.86,-103.33
69,open ai gpt,-201,-7.28,-101.3,-92.57
256,chat gpt open ai,-201,-1.1,-94.48,-105.08
617,avatar,-206,-45.95,-11.89,-148.11
571,stable diffusion ai art,-207,-28.21,-89.63,-89.63
642,dall e ai art,-211,-3.52,-73.28,-134.42
489,character definition,-212,-23.92,-92.86,-95.69
473,google bard ai chatbot,-217,-47.62,-213.33,43.81
467,bard google ai chatbot,-217,-47.62,-213.33,43.81
466,google ai chatbot bard,-217,-47.62,-213.33,43.81
255,openai chat,-220,-11.83,-96.99,-111.18
619,lensa ai avatar,-220,66.67,126.67,-413.33
427,chat openai,-220,-11.83,-96.99,-111.18
170,chat gpt detector,-221,-25.6,-177.2,-17.78
688,lensa free,-226,-42.86,-34.29,-148.57
716,open ai chat,-228,-1.93,-85.73,-139.94
736,chat open ai,-228,-1.93,-85.73,-139.94
158,open chat ai,-229,-4.92,-85.25,-139.02
168,chat gpt ai detector,-229,-31.22,-202.33,4.66
187,dall e ai,-231,-21.13,-91.27,-118.31
611,gpt zero,-232,-22.99,-218.85,9.43
581,stable diffusion ai art generator,-234,-46.67,-93.76,-93.76
102,what is my ai,-235,2.86,-292.57,54.86
333,roleplai,-236,-16.19,-300.19,80.38
555,how to get rid of your snapchat ai,-241,15.56,-345.78,88.89
72,gpt detector,-241,-27.65,-193.07,-20.67
298,open ai chat gpt app,-244,-30.39,-99.22,-113.92
186,dall e,-245,-15.9,-84.51,-144.82
378,cxai stock,-254,-52.0,-249.6,48.0
262,my ai,-258,-3.03,-315.15,60.61
62,openai gpt,-260,-9.49,-119.71,-130.8
650,loab ai art,-265,-11.11,-60.44,-193.78
375,who owns chat gpt,-266,-10.64,-83.4,-171.91
763,ai art generator trend,-270,-100.0,-60.0,-110.0
166,ai chatbot gpt,-273,-8.64,-110.86,-153.09
185,dall e generator,-275,-15.71,-122.61,-136.4
751,dall e ai art generator,-276,-15.15,-98.29,-162.42
695,lensa trend,-280,-100.0,-120.0,-60.0
765,google docs,-289,-17.37,-135.4,-136.53
648,meitu ai art,-294,-100.0,-80.0,-114.29
29,jasper art,-295,-21.33,-58.13,-215.73
80,chat gpt checker,-296,-40.35,-217.54,-37.89
607,chatsonic,-298,-5.88,-131.76,-160.0
616,lensa ai free,-300,-66.67,-53.33,-180.0
492,character analysis,-314,-18.21,-164.93,-130.64
646,ai art competition,-317,-71.43,-85.71,-160.0
343,character ai unblocked,-317,-100.0,-140.77,-76.15
549,chatgpt open ai login,-318,-3.03,-274.98,-40.17
712,chat gpt openai,-319,-12.68,-127.2,-179.59
380,hkd stock,-324,6.67,-61.33,-269.33
71,openai chat gpt,-328,-10.3,-131.39,-185.94
137,chatgpt chatbot,-334,15.0,-153.0,-196.0
610,poe,-336,6.67,-190.13,-152.53
104,my heritage ai,-340,-100.0,-80.0,-160.0
107,ai my heritage,-340,-100.0,-80.0,-160.0
729,chat gbt open ai,-342,-8.46,-49.35,-284.58
402,midjourney v5,-343,-47.62,-344.76,49.52
303,dawn ai app,-343,-100.0,-141.54,-101.54
74,chat gpt stock,-353,-4.09,-69.71,-278.83
706,open chat ai login,-358,17.04,-217.19,-157.63
615,lensa ai art,-367,-55.56,-88.89,-222.22
614,ai art lensa,-367,-55.56,-88.89,-222.22
701,lensa avatar app,-372,-100.0,-144.0,-128.0
554,how to get rid of snapchat ai without snapchat plus,-375,-50.0,-285.0,-40.0
613,ai lensa app,-380,-33.33,-133.33,-213.33
165,chatbot gpt,-400,-10.68,-128.16,-260.97
66,gpt chatbot,-408,-13.27,-130.74,-263.56
609,gptzero,-420,-29.33,-263.73,-126.93
557,how to get rid of ai on snapchat without snapchat plus,-440,766.67,-1973.33,766.67
124,heart on my sleeve,-441,-46.67,-402.67,8.0
551,how to get rid of ai in snapchat,-441,40.35,-621.75,140.35
479,character traits,-445,-29.9,-206.19,-208.66
425,open ai chat gpt login,-452,-2.11,-231.22,-219.07
771,ai essay writer,-458,-36.59,-229.27,-192.2
738,essay writer ai,-458,-36.59,-229.27,-192.2
755,jasper art ai,-474,-3.03,-20.85,-449.94
762,nsfw ai art generator from text,-487,-3.7,-103.7,-379.26
565,how to get rid of my ai on snapchat android,-490,-100.0,-358.0,-32.0
508,wednesday character,-513,-14.67,-45.87,-452.27
562,how to get rid of ai chat on snapchat,-594,-100.0,-445.22,-48.7
628,lensa ai generated,-596,-100.0,-224.0,-272.0
693,lensa avatars,-620,166.67,-293.33,-493.33
244,vall-e,-621,-100.0,-114.29,-406.86
604,perplexity ai twitter,-639,-100.0,-277.33,-261.33
125,heart on my sleeve ai,-656,-50.88,-649.82,44.91
503,what wednesday character am i,-665,-100.0,-110.0,-455.0
552,how to get rid of the my ai on snapchat,-677,-33.33,-710.48,66.67
556,how to get rid of my ai in snapchat,-728,23.08,-775.38,24.62
281,my ai snapchat remove,-740,-45.1,-740.39,45.49
280,snapchat my ai remove,-740,-45.1,-740.39,45.49
115,snapchat remove my ai,-787,-60.78,-756.08,29.8
708,open ai chat bot,-799,-100.0,-160.0,-538.67
123,how to remove snapchat ai,-810,-58.33,-778.33,26.67
754,ai art generator lensa,-820,33.33,-186.67,-666.67
40,lensa app,-820,-100.0,-240.0,-480.0
687,lensa art,-820,33.33,-186.67,-666.67
500,strange world gay character,-831,-100.0,-171.43,-560.0
268,remove ai snapchat,-835,-58.33,-813.33,36.67
269,remove snapchat ai,-835,-58.33,-813.33,36.67
698,lensa android,-847,-100.0,-400.0,-346.67
435,how to get rid of snapchat,-869,-28.21,-869.74,28.72
623,lensa ai portrait,-873,-100.0,-266.67,-506.67
591,how to get my ai on snapchat without snapchat plus,-887,277.78,-1542.22,377.78
437,how to get rid of ai,-888,-38.46,-910.77,61.54
564,how do i get rid of my ai on snapchat,-893,-15.15,-962.42,84.85
122,snapchat how to remove my ai,-894,-48.72,-877.95,32.82
737,what is the ai on snapchat,-922,-15.15,-969.7,63.03
417,midjourney v5 ai,-953,-100.0,-586.67,-266.67
699,lensa stable diffusion,-960,166.67,-393.33,-733.33
98,how to get my ai,-964,-20.0,-1008.0,64.0
590,how to get my ai on snap,-1020,16.67,-1113.33,76.67
499,which wednesday character are you,-1096,45.45,-87.27,-1054.55
620,lensa avatar,-1100,-100.0,-280.0,-720.0
265,delete snapchat ai,-1104,-51.52,-1100.61,48.48
273,how to delete snapchat ai,-1140,-33.33,-1173.33,66.67
596,how to get rid of my ai on snap,-1149,-100.0,-1048.89,0.0
449,how to get your snapchat ai,-1153,-100.0,-1033.33,-20.0
263,get rid of snapchat ai,-1188,-46.67,-1194.67,53.33
272,delete ai on snapchat,-1238,-40.74,-1238.52,41.48
274,what is snapchat ai,-1238,-40.74,-1256.3,59.26
114,how to delete my ai,-1244,-60.0,-1224.0,40.0
93,ai snapchat,-1273,-40.74,-1291.85,59.26
111,how to get rid of ai on snapchat,-1280,-33.33,-1313.33,66.67
735,snapchat ai,-1282,-40.74,-1300.74,59.26
277,how to delete ai on snapchat,-1330,-33.33,-1353.33,56.67
445,how to get ai in snapchat,-1371,-70.37,-1277.04,-23.7
506,maitland ward boy meets world character,-1380,-100.0,-320.0,-960.0
558,how to get rid of my ai without snapchat plus,-1396,-100.0,-1152.0,-144.0
109,how to get rid of snapchat ai,-1410,-33.33,-1443.33,66.67
773,google ai geoffrey hinton,-1460,133.33,-1766.67,173.33
264,how to get rid of ai snapchat,-1460,-50.0,-1460.0,50.0
108,how to get rid of my ai,-1471,-42.86,-1485.71,57.14
128,how do i get my ai on snapchat,-1483,-23.81,-1512.38,53.33
584,my ai snapchat delete,-1490,-66.67,-1446.67,23.33
267,snapchat get rid of my ai,-1506,-42.86,-1520.0,57.14
103,get rid of my ai snapchat,-1506,-42.86,-1520.0,57.14
97,ai on snapchat,-1506,-42.86,-1520.0,57.14
276,delete my ai on snapchat,-1540,-42.86,-1554.29,57.14
439,my ai snapchat,-1540,-42.86,-1554.29,57.14
94,snapchat my ai,-1540,-42.86,-1554.29,57.14
444,how to get rid of the snapchat ai,-1550,-100.0,-1450.0,0.0
588,how to get the my ai on snapchat,-1633,-55.56,-1622.22,44.44
270,get rid of my ai on snapchat,-1633,-11.11,-1711.11,88.89
379,first republic bank stock,-1660,0.0,-1760.0,100.0
99,how to get ai on snapchat,-1660,-33.33,-1693.33,66.67
112,how to get rid of my ai on snapchat,-1660,-33.33,-1693.33,66.67
266,get rid of ai on snapchat,-1660,-11.11,-1737.78,88.89
441,how to get rid of my snapchat ai,-1673,-33.33,-1706.67,66.67
110,how to get rid of snapchat my ai,-1673,-33.33,-1706.67,66.67
2,how to get snapchat ai,-1700,-33.33,-1733.33,66.67
553,how to get rid of snapchat ai bot,-1720,166.67,-2153.33,266.67
96,my ai on snapchat,-1727,-33.33,-1760.0,66.67
442,how to get the snapchat ai,-1740,-11.11,-1777.78,48.89
237,voice ai elon musk,-1753,-100.0,-533.33,-1120.0
710,chat gtp open ai,-1764,-100.0,-149.33,-1514.67
116,how to delete my ai snapchat,-1780,11.11,-1888.89,97.78
279,how to delete snapchat my ai,-1780,11.11,-1888.89,97.78
585,snapchat how to delete my ai,-1780,-11.11,-1857.78,88.89
741,what is the my ai on snapchat,-1860,366.67,-2473.33,246.67
443,how to get the ai on snapchat,-1873,-100.0,-1760.0,-13.33
271,snapchat my ai delete,-1873,-33.33,-1906.67,66.67
105,snapchat delete my ai,-1873,-33.33,-1906.67,66.67
440,how to get to my ai on snapchat,-1876,-20.0,-1936.0,80.0
448,how to get rid of the ai on snapchat,-1940,-77.78,-1804.44,-57.78
583,how to get my ai snapchat,-1940,-20.0,-2000.0,80.0
446,how to get snapchat ai off,-1980,11.11,-2035.56,44.44
117,how to delete my ai on snapchat,-2020,6.67,-2133.33,106.67
275,how to get rid my ai on snapchat,-2020,-46.67,-2026.67,53.33
438,how to get my snapchat ai,-2036,-46.67,-2042.67,53.33
278,what is ai on snapchat,-2068,6.67,-2181.33,106.67
118,what is my ai snapchat,-2116,-20.0,-2160.0,64.0
772,cactus ai,-2142,-13.04,-640.0,-1488.7
594,how to get my ai off snapchat,-2160,366.67,-2793.33,266.67
559,how to get rid of my ai on snapchat without snapchat plus,-2207,-100.0,-2106.67,0.0
100,how to get my ai on snapchat,-2360,0.0,-2460.0,100.0
769,60 minutes google ai,-2420,77.78,-2568.89,71.11
770,google ai 60 minutes,-2420,77.78,-2568.89,71.11
593,how do you get my ai on snapchat,-2620,0.0,-2620.0,0.0
595,how to get my ai on snapchat iphone,-2720,0.0,-2560.0,-160.0
589,how to get my ai on snapchat android,-3200,0.0,-2960.0,-240.0
450,how to get snapchat ai bot,-3220,33.33,-3226.67,-26.67
120,what is my ai on snapchat,-3353,33.33,-3466.67,80.0
587,what is snapchat my ai,-3380,33.33,-3520.0,106.67
447,how to get a ai on snapchat,-4380,366.67,-5213.33,466.67
560,how to get rid of snapchat ai on android,-4780,0.0,-3880.0,-900.0
370,frc stock,-4953,-55.56,-4942.22,44.44
592,how to get an ai on snapchat,-5180,-100.0,-5080.0,0.0
504,love character test,-9780,-100.0,-400.0,-9280.0
